ID,quotation_ID,itemNo,material,description,quantity,uom,stockStatus,availableQty,procurementStatus,prNumber,poNumber,expectedDate,basePrice,marginPct,discountPct,netPrice,deliveryCost,lineTotal,thresholdBreached,deviationPct
33333333-0000-0000-0000-000000000001,22222222-0000-0000-0000-000000000001,10,CAT-1R0719,Oil Filter - Engine,20,EA,InStock,100,None,,,,2500,15,2,2817.5,0,56350,false,0
33333333-0000-0000-0000-000000000002,22222222-0000-0000-0000-000000000002,10,CAT-TRK-SHOE,Track Shoe Assembly,8,EA,InStock,40,None,,,,18000,15,3,20079,0,160632,false,0
33333333-0000-0000-0000-000000000003,22222222-0000-0000-0000-000000000003,10,CAT-HYD-PUMP,Hydraulic Pump,2,EA,InStock,6,None,,,,145000,12,4,155904,0,311808,false,0
33333333-0000-0000-0000-000000000004,22222222-0000-0000-0000-000000000004,10,CAT-740-ADT,Cat 740 Articulated Truck,1,EA,NotInStock,0,PRCreated,PR10000004,,,22000000,8,2,23284800,0,23284800,false,0
33333333-0000-0000-0000-000000000005,22222222-0000-0000-0000-000000000005,10,CAT-3E2247,Hydraulic Hose Assembly,6,EA,NotInStock,0,PRReleased,PR10000005,,,2500,15,5,2731.25,0,16387.5,false,0
33333333-0000-0000-0000-000000000006,22222222-0000-0000-0000-000000000006,10,CAT-320-EXC,Cat 320 Hydraulic Excavator,1,EA,NotInStock,0,Shipped,PR10000006,4500002001,2026-10-20,8500000,10,3,9069500,0,9069500,false,0
33333333-0000-0000-0000-000000000007,22222222-0000-0000-0000-000000000007,10,CAT-1R0719,Oil Filter - Engine,10,EA,InStock,100,None,,,,2500,15,10,2587.5,0,25875,true,0.48
33333333-0000-0000-0000-000000000008,22222222-0000-0000-0000-000000000008,10,CAT-AIR-FLT,Air Filter Element,40,EA,InStock,150,None,,,,1800,18,10,1911.6,0,76464,true,3.45
33333333-0000-0000-0000-000000000009,22222222-0000-0000-0000-000000000009,10,CAT-9X3263,Fuel Filter,2,EA,InStock,2,None,,,,1000,10,10,990,0,1980,true,5.71
33333333-0000-0000-0000-000000000010,22222222-0000-0000-0000-000000000010,10,CAT-COOLANT,Extended Life Coolant 20L,10,EA,InStock,80,None,,,,4200,12,3,4562.88,0,45628.8,false,0
33333333-0000-0000-0000-000000000011,22222222-0000-0000-0000-000000000011,10,CAT-TRK-ROLL,Track Roller,20,EA,InStock,60,None,,,,9500,15,8,10051,0,201020,true,2.42
33333333-0000-0000-0000-000000000012,22222222-0000-0000-0000-000000000012,10,CAT-9X3263,Fuel Filter,1,EA,InStock,2,None,,,,1000,10,10,990,0,990,true,5.71
33333333-0000-0000-0000-000000000013,22222222-0000-0000-0000-000000000013,10,CAT-ENG-OIL,Engine Oil 15W-40 20L,15,EA,InStock,120,None,,,,6500,12,4,6988.8,0,104832,false,0
33333333-0000-0000-0000-000000000014,22222222-0000-0000-0000-000000000014,10,CAT-740-ADT,Cat 740 Articulated Truck,1,EA,InStock,1,GRPosted,PR10000014,4500002014,2026-09-05,22000000,8,3,23047200,0,23047200,false,0
33333333-0000-0000-0000-000000000015,22222222-0000-0000-0000-000000000015,10,CAT-HYD-CYL,Hydraulic Cylinder,2,EA,InStock,10,None,,,,72000,12,5,76608,0,153216,false,0
33333333-0000-0000-0000-000000000016,22222222-0000-0000-0000-000000000016,10,CAT-BKT-TEETH,Bucket Tooth Set,10,SET,InStock,25,None,,,,6200,16,10,6472.8,0,64728,true,3.39
33333333-0000-0000-0000-000000000017,22222222-0000-0000-0000-000000000017,10,CAT-BRK-PAD,Brake Pad Set,10,SET,InStock,30,None,,,,3800,16,10,3967.2,0,39672,true,3.24
33333333-0000-0000-0000-000000000018,22222222-0000-0000-0000-000000000018,10,CAT-FAN-BLT,Fan Belt,30,EA,InStock,75,None,,,,950,18,5,1064.95,0,31948.5,false,0
33333333-0000-0000-0000-000000000019,22222222-0000-0000-0000-000000000019,10,CAT-C15-ENG,Cat C15 Industrial Engine,1,EA,InStock,3,None,,,,4500000,10,6,4653000,0,4653000,true,1
33333333-0000-0000-0000-000000000020,22222222-0000-0000-0000-000000000020,10,CAT-D6-DOZ,Cat D6 Track-Type Tractor,1,EA,InStock,1,None,,,,12000000,9,2,12818400,0,12818400,false,0