ID,jobName,startedAt,status,message
77777777-0000-0000-0000-000000000001,expireQuotations,2026-09-18T01:00:00Z,SUCCESS,0 quotation(s) expired
77777777-0000-0000-0000-000000000002,expireQuotations,2026-09-19T01:00:00Z,SUCCESS,0 quotation(s) expired
77777777-0000-0000-0000-000000000003,expireQuotations,2026-09-20T01:00:00Z,SUCCESS,0 quotation(s) expired
77777777-0000-0000-0000-000000000004,expireQuotations,2026-09-21T01:00:00Z,SUCCESS,0 quotation(s) expired
77777777-0000-0000-0000-000000000005,expireQuotations,2026-09-22T01:00:00Z,SUCCESS,0 quotation(s) expired
77777777-0000-0000-0000-000000000006,expireQuotations,2026-09-23T01:00:00Z,SUCCESS,0 quotation(s) expired
77777777-0000-0000-0000-000000000007,expireQuotations,2026-09-24T01:00:00Z,SUCCESS,0 quotation(s) expired
77777777-0000-0000-0000-000000000008,expireQuotations,2026-09-25T01:00:00Z,SUCCESS,0 quotation(s) expired
77777777-0000-0000-0000-000000000009,expireQuotations,2026-09-26T01:00:00Z,SUCCESS,0 quotation(s) expired
77777777-0000-0000-0000-000000000010,expireQuotations,2026-09-27T01:00:00Z,SUCCESS,1 quotation(s) expired
77777777-0000-0000-0000-000000000011,sendReminders,2026-09-28T01:00:00Z,SUCCESS,0 reminder(s) to send
77777777-0000-0000-0000-000000000012,sendReminders,2026-09-29T01:00:00Z,SUCCESS,0 reminder(s) to send
77777777-0000-0000-0000-000000000013,sendReminders,2026-09-30T01:00:00Z,SUCCESS,0 reminder(s) to send
77777777-0000-0000-0000-000000000014,sendReminders,2026-10-01T01:00:00Z,SUCCESS,0 reminder(s) to send
77777777-0000-0000-0000-000000000015,sendReminders,2026-10-02T01:00:00Z,SUCCESS,2 reminder(s) to send
77777777-0000-0000-0000-000000000016,sendReminders,2026-10-03T01:00:00Z,SUCCESS,0 reminder(s) to send
77777777-0000-0000-0000-000000000017,syncProcurement,2026-10-04T01:00:00Z,SUCCESS,0 open procurement item(s) checked
77777777-0000-0000-0000-000000000018,syncProcurement,2026-10-05T01:00:00Z,SUCCESS,3 open procurement item(s) checked
77777777-0000-0000-0000-000000000019,syncProcurement,2026-10-06T01:00:00Z,FAILED,S/4HANA destination not reachable
77777777-0000-0000-0000-000000000020,syncProcurement,2026-10-07T01:00:00Z,SUCCESS,0 open procurement item(s) checked