bpId,name,city,country
1000001,Sri Venkateswara Constructions,Hyderabad,IN
1000002,Coastal Mining Pvt Ltd,Visakhapatnam,IN
1000003,Deccan Power Projects,Chennai,IN
1000004,Western Infra Builders,Mumbai,IN
1000005,Godavari Earthmovers,Rajahmundry,IN
1000006,Kaveri Infrastructure Ltd,Bengaluru,IN
1000007,Singareni Contractors,Kothagudem,IN
1000008,Nagpur Coal Logistics,Nagpur,IN
1000009,Konkan Road Works,Pune,IN
1000010,Malabar Port Developers,Kochi,IN
1000011,Tamirabarani Quarries,Tirunelveli,IN
1000012,Rayalaseema Minerals,Kurnool,IN
1000013,Vidarbha Power Gen,Nagpur,IN
1000014,Mysore Highway Builders,Mysuru,IN
1000015,Krishna Dredging Co,Vijayawada,IN
1000016,Coimbatore Heavy Lifts,Coimbatore,IN
1000017,Ongole Granite Works,Ongole,IN
1000018,Salem Steel Projects,Salem,IN
1000019,Raipur Mining Services,Raipur,IN
1000020,Goa Infra Partners,Panaji,IN