ID,item_ID,event,refDoc,changedBy,changedAt
55555555-0000-0000-0000-000000000001,33333333-0000-0000-0000-000000000004,PRCreated,PR10000004,sales,2026-10-01T11:00:00Z
55555555-0000-0000-0000-000000000002,33333333-0000-0000-0000-000000000005,PRCreated,PR10000005,sales,2026-10-02T13:30:00Z
55555555-0000-0000-0000-000000000003,33333333-0000-0000-0000-000000000005,PRReleased,,supply,2026-10-02T23:30:00Z
55555555-0000-0000-0000-000000000004,33333333-0000-0000-0000-000000000006,PRCreated,PR10000006,sales,2026-09-28T10:45:00Z
55555555-0000-0000-0000-000000000005,33333333-0000-0000-0000-000000000006,PRReleased,,supply,2026-09-28T20:45:00Z
55555555-0000-0000-0000-000000000006,33333333-0000-0000-0000-000000000006,POCreated,4500002001,supply,2026-09-29T06:45:00Z
55555555-0000-0000-0000-000000000007,33333333-0000-0000-0000-000000000006,SupplierConfirmed,,supply,2026-09-29T16:45:00Z
55555555-0000-0000-0000-000000000008,33333333-0000-0000-0000-000000000006,Shipped,,supply,2026-09-30T02:45:00Z
55555555-0000-0000-0000-000000000009,33333333-0000-0000-0000-000000000014,PRCreated,PR10000014,sales,2026-09-10T11:00:00Z
55555555-0000-0000-0000-000000000010,33333333-0000-0000-0000-000000000014,PRReleased,,supply,2026-09-10T21:00:00Z
55555555-0000-0000-0000-000000000011,33333333-0000-0000-0000-000000000014,POCreated,4500002014,supply,2026-09-11T07:00:00Z
55555555-0000-0000-0000-000000000012,33333333-0000-0000-0000-000000000014,SupplierConfirmed,,supply,2026-09-11T17:00:00Z
55555555-0000-0000-0000-000000000013,33333333-0000-0000-0000-000000000014,Shipped,,supply,2026-09-12T03:00:00Z
55555555-0000-0000-0000-000000000014,33333333-0000-0000-0000-000000000014,GRPosted,,supply,2026-09-12T13:00:00Z