ID,entity,entityKey,field,oldValue,newValue,changedBy,changedAt
66666666-0000-0000-0000-000000000001,Quotations,22222222-0000-0000-0000-000000000004,status,Draft,AwaitingStock,sales,2026-10-01T10:45:00Z
66666666-0000-0000-0000-000000000002,Quotations,22222222-0000-0000-0000-000000000005,status,Draft,AwaitingStock,sales,2026-10-02T13:15:00Z
66666666-0000-0000-0000-000000000003,Quotations,22222222-0000-0000-0000-000000000006,status,Draft,AwaitingStock,sales,2026-09-28T10:30:00Z
66666666-0000-0000-0000-000000000004,Quotations,22222222-0000-0000-0000-000000000007,status,Draft,PendingL1,sales,2026-10-03T14:30:00Z
66666666-0000-0000-0000-000000000005,Quotations,22222222-0000-0000-0000-000000000008,status,Draft,PendingL1,sales,2026-10-04T16:00:00Z
66666666-0000-0000-0000-000000000006,Quotations,22222222-0000-0000-0000-000000000009,status,Draft,PendingL1,sales,2026-10-02T16:40:00Z
66666666-0000-0000-0000-000000000007,Quotations,22222222-0000-0000-0000-000000000009,status,PendingL1,PendingL2,manager,2026-10-02T20:10:00Z
66666666-0000-0000-0000-000000000008,Quotations,22222222-0000-0000-0000-000000000010,status,Draft,Approved,sales,2026-10-01T13:45:00Z
66666666-0000-0000-0000-000000000009,Quotations,22222222-0000-0000-0000-000000000011,status,Draft,PendingL1,sales,2026-09-30T11:10:00Z
66666666-0000-0000-0000-000000000010,Quotations,22222222-0000-0000-0000-000000000011,status,PendingL1,Approved,manager,2026-09-30T14:40:00Z
66666666-0000-0000-0000-000000000011,Quotations,22222222-0000-0000-0000-000000000012,status,Draft,PendingL1,sales,2026-09-25T09:30:00Z
66666666-0000-0000-0000-000000000012,Quotations,22222222-0000-0000-0000-000000000012,status,PendingL1,PendingL2,manager,2026-09-25T13:00:00Z
66666666-0000-0000-0000-000000000013,Quotations,22222222-0000-0000-0000-000000000012,status,PendingL2,Approved,head,2026-09-25T15:40:00Z
66666666-0000-0000-0000-000000000014,Quotations,22222222-0000-0000-0000-000000000012,status,Approved,Issued,sales,2026-09-25T17:40:00Z
66666666-0000-0000-0000-000000000015,Quotations,22222222-0000-0000-0000-000000000013,status,Draft,Approved,sales,2026-09-26T12:20:00Z
66666666-0000-0000-0000-000000000016,Quotations,22222222-0000-0000-0000-000000000013,status,Approved,Issued,sales,2026-09-26T14:20:00Z
66666666-0000-0000-0000-000000000017,Quotations,22222222-0000-0000-0000-000000000014,status,Draft,Approved,sales,2026-09-10T10:30:00Z
66666666-0000-0000-0000-000000000018,Quotations,22222222-0000-0000-0000-000000000014,status,Approved,Issued,sales,2026-09-10T11:30:00Z
66666666-0000-0000-0000-000000000019,Quotations,22222222-0000-0000-0000-000000000014,status,Issued,Converted,sales,2026-09-12T11:30:00Z
66666666-0000-0000-0000-000000000020,Quotations,22222222-0000-0000-0000-000000000015,status,Draft,Approved,sales,2026-09-12T14:50:00Z
66666666-0000-0000-0000-000000000021,Quotations,22222222-0000-0000-0000-000000000015,status,Approved,Issued,sales,2026-09-12T15:50:00Z
66666666-0000-0000-0000-000000000022,Quotations,22222222-0000-0000-0000-000000000015,status,Issued,Converted,sales,2026-09-14T15:50:00Z
66666666-0000-0000-0000-000000000023,Quotations,22222222-0000-0000-0000-000000000016,status,Draft,PendingL1,sales,2026-09-29T15:30:00Z
66666666-0000-0000-0000-000000000024,Quotations,22222222-0000-0000-0000-000000000016,status,PendingL1,Rejected,manager,2026-09-29T20:00:00Z
66666666-0000-0000-0000-000000000025,Quotations,22222222-0000-0000-0000-000000000017,status,Draft,PendingL1,sales,2026-10-04T10:00:00Z
66666666-0000-0000-0000-000000000026,Quotations,22222222-0000-0000-0000-000000000017,status,PendingL1,Returned,manager,2026-10-04T12:50:00Z
66666666-0000-0000-0000-000000000027,Quotations,22222222-0000-0000-0000-000000000018,status,Draft,Approved,sales,2026-08-20T10:30:00Z
66666666-0000-0000-0000-000000000028,Quotations,22222222-0000-0000-0000-000000000018,status,Approved,Expired,scheduler,2026-09-21T01:00:00Z
66666666-0000-0000-0000-000000000029,Quotations,22222222-0000-0000-0000-000000000019,status,Draft,PendingL1,sales,2026-10-03T12:30:00Z
66666666-0000-0000-0000-000000000030,Quotations,22222222-0000-0000-0000-000000000019,status,PendingL1,Cancelled,sales,2026-10-03T20:20:00Z