ID,quotation_ID,level,approver,action,comments,timestamp
44444444-0000-0000-0000-000000000001,22222222-0000-0000-0000-000000000007,0,sales,Submitted,,2026-10-03T14:30:00Z
44444444-0000-0000-0000-000000000002,22222222-0000-0000-0000-000000000008,0,sales,Submitted,,2026-10-04T16:00:00Z
44444444-0000-0000-0000-000000000003,22222222-0000-0000-0000-000000000009,0,sales,Submitted,,2026-10-02T16:40:00Z
44444444-0000-0000-0000-000000000004,22222222-0000-0000-0000-000000000009,1,manager,Approved,L1 ok,2026-10-02T20:10:00Z
44444444-0000-0000-0000-000000000005,22222222-0000-0000-0000-000000000010,0,system,AutoApproved,All prices within thresholds,2026-10-01T13:45:00Z
44444444-0000-0000-0000-000000000006,22222222-0000-0000-0000-000000000011,0,sales,Submitted,,2026-09-30T11:10:00Z
44444444-0000-0000-0000-000000000007,22222222-0000-0000-0000-000000000011,1,manager,Approved,OK for this customer,2026-09-30T14:40:00Z
44444444-0000-0000-0000-000000000008,22222222-0000-0000-0000-000000000012,0,sales,Submitted,,2026-09-25T09:30:00Z
44444444-0000-0000-0000-000000000009,22222222-0000-0000-0000-000000000012,1,manager,Approved,L1 ok,2026-09-25T13:00:00Z
44444444-0000-0000-0000-000000000010,22222222-0000-0000-0000-000000000012,2,head,Approved,L2 ok,2026-09-25T15:40:00Z
44444444-0000-0000-0000-000000000011,22222222-0000-0000-0000-000000000013,0,system,AutoApproved,All prices within thresholds,2026-09-26T12:20:00Z
44444444-0000-0000-0000-000000000012,22222222-0000-0000-0000-000000000014,0,system,AutoApproved,All prices within thresholds,2026-09-10T10:30:00Z
44444444-0000-0000-0000-000000000013,22222222-0000-0000-0000-000000000015,0,system,AutoApproved,All prices within thresholds,2026-09-12T14:50:00Z
44444444-0000-0000-0000-000000000014,22222222-0000-0000-0000-000000000016,0,sales,Submitted,,2026-09-29T15:30:00Z
44444444-0000-0000-0000-000000000015,22222222-0000-0000-0000-000000000016,1,manager,Rejected,Discount too high for this customer,2026-09-29T20:00:00Z
44444444-0000-0000-0000-000000000016,22222222-0000-0000-0000-000000000017,0,sales,Submitted,,2026-10-04T10:00:00Z
44444444-0000-0000-0000-000000000017,22222222-0000-0000-0000-000000000017,1,manager,Returned,Reduce the discount and resubmit,2026-10-04T12:50:00Z
44444444-0000-0000-0000-000000000018,22222222-0000-0000-0000-000000000018,0,system,AutoApproved,All prices within thresholds,2026-08-20T10:30:00Z
44444444-0000-0000-0000-000000000019,22222222-0000-0000-0000-000000000019,0,sales,Submitted,,2026-10-03T12:30:00Z