ID,quotationNo,status,customerId,customerName,validFrom,validTo,currency_code,netValue,taxValue,totalValue,approvalLevelRequired,remarks,s4SalesOrderNo,createdAt,createdBy,modifiedAt,modifiedBy
22222222-0000-0000-0000-000000000001,Q-2026-00001,Draft,1000001,Sri Venkateswara Constructions,2026-10-05,2026-12-31,INR,56350,10143,66493,0,,,2026-10-05T09:10:00Z,sales,2026-10-05T09:10:00Z,sales
22222222-0000-0000-0000-000000000002,Q-2026-00002,Draft,1000005,Godavari Earthmovers,2026-10-05,2026-12-31,INR,160632,28913.76,189545.76,0,,,2026-10-05T11:20:00Z,sales,2026-10-05T11:20:00Z,sales
22222222-0000-0000-0000-000000000003,Q-2026-00003,Draft,1000006,Kaveri Infrastructure Ltd,2026-10-06,2026-12-31,INR,311808,56125.44,367933.44,0,,,2026-10-06T10:05:00Z,sales,2026-10-06T10:05:00Z,sales
22222222-0000-0000-0000-000000000004,Q-2026-00004,AwaitingStock,1000007,Singareni Contractors,2026-10-01,2026-12-31,INR,23284800,4191264,27476064,0,,,2026-10-01T10:00:00Z,sales,2026-10-01T10:45:00Z,sales
22222222-0000-0000-0000-000000000005,Q-2026-00005,AwaitingStock,1000008,Nagpur Coal Logistics,2026-10-02,2026-12-31,INR,16387.5,2949.75,19337.25,0,,,2026-10-02T12:30:00Z,sales,2026-10-02T13:15:00Z,sales
22222222-0000-0000-0000-000000000006,Q-2026-00006,AwaitingStock,1000002,Coastal Mining Pvt Ltd,2026-09-28,2026-12-31,INR,9069500,1632510,10702010,0,,,2026-09-28T09:45:00Z,sales,2026-09-28T10:30:00Z,sales
22222222-0000-0000-0000-000000000007,Q-2026-00007,PendingL1,1000003,Deccan Power Projects,2026-10-03,2026-12-31,INR,25875,4657.5,30532.5,1,,,2026-10-03T14:00:00Z,sales,2026-10-03T14:30:00Z,sales
22222222-0000-0000-0000-000000000008,Q-2026-00008,PendingL1,1000009,Konkan Road Works,2026-10-04,2026-12-31,INR,76464,13763.52,90227.52,1,,,2026-10-04T15:30:00Z,sales,2026-10-04T16:00:00Z,sales
22222222-0000-0000-0000-000000000009,Q-2026-00009,PendingL2,1000010,Malabar Port Developers,2026-10-02,2026-12-31,INR,1980,356.4,2336.4,2,,,2026-10-02T16:10:00Z,sales,2026-10-02T20:10:00Z,manager
22222222-0000-0000-0000-000000000010,Q-2026-00010,Approved,1000011,Tamirabarani Quarries,2026-10-01,2026-12-31,INR,45628.8,8213.18,53841.98,0,,,2026-10-01T13:15:00Z,sales,2026-10-01T13:45:00Z,sales
22222222-0000-0000-0000-000000000011,Q-2026-00011,Approved,1000012,Rayalaseema Minerals,2026-09-30,2026-12-31,INR,201020,36183.6,237203.6,1,,,2026-09-30T10:40:00Z,sales,2026-09-30T14:40:00Z,manager
22222222-0000-0000-0000-000000000012,Q-2026-00012,Issued,1000004,Western Infra Builders,2026-09-25,2026-12-31,INR,990,178.2,1168.2,2,,,2026-09-25T09:00:00Z,sales,2026-09-25T17:40:00Z,sales
22222222-0000-0000-0000-000000000013,Q-2026-00013,Issued,1000013,Vidarbha Power Gen,2026-09-26,2026-12-31,INR,104832,18869.76,123701.76,0,,,2026-09-26T11:50:00Z,sales,2026-09-26T14:20:00Z,sales
22222222-0000-0000-0000-000000000014,Q-2026-00014,Converted,1000014,Mysore Highway Builders,2026-09-10,2026-12-31,INR,23047200,4148496,27195696,0,,0050001234,2026-09-10T10:00:00Z,sales,2026-09-12T11:30:00Z,sales
22222222-0000-0000-0000-000000000015,Q-2026-00015,Converted,1000015,Krishna Dredging Co,2026-09-12,2026-12-31,INR,153216,27578.88,180794.88,0,,0050001235,2026-09-12T14:20:00Z,sales,2026-09-14T15:50:00Z,sales
22222222-0000-0000-0000-000000000016,Q-2026-00016,Rejected,1000016,Coimbatore Heavy Lifts,2026-09-29,2026-12-31,INR,64728,11651.04,76379.04,1,Customer asked for extra discount,,2026-09-29T15:00:00Z,sales,2026-09-29T20:00:00Z,manager
22222222-0000-0000-0000-000000000017,Q-2026-00017,Returned,1000017,Ongole Granite Works,2026-10-04,2026-12-31,INR,39672,7140.96,46812.96,1,Pending revised discount,,2026-10-04T09:30:00Z,sales,2026-10-04T12:50:00Z,manager
22222222-0000-0000-0000-000000000018,Q-2026-00018,Expired,1000018,Salem Steel Projects,2026-08-20,2026-09-20,INR,31948.5,5750.73,37699.23,0,,,2026-08-20T10:00:00Z,sales,2026-09-21T01:00:00Z,scheduler
22222222-0000-0000-0000-000000000019,Q-2026-00019,Cancelled,1000019,Raipur Mining Services,2026-10-03,2026-12-31,INR,4653000,837540,5490540,1,Customer cancelled the enquiry,,2026-10-03T12:00:00Z,sales,2026-10-03T20:20:00Z,sales
22222222-0000-0000-0000-000000000020,Q-2026-00020,Draft,1000020,Goa Infra Partners,2026-10-06,2026-12-31,INR,12818400,2307312,15125712,0,,,2026-10-06T16:45:00Z,sales,2026-10-06T16:45:00Z,sales