ID,category,material,materialGroup,basePrice,marginPct,maxDiscountPct,minPriceThreshold,approvalL1Limit,approvalL2Limit,validFrom,validTo,currency_code,status,createdAt,createdBy,modifiedAt,modifiedBy
11111111-0000-0000-0000-000000000001,Equipment,CAT-320-EXC,,8500000,10,8,8800000,5,12,2026-04-01,2027-12-31,INR,Active
11111111-0000-0000-0000-000000000002,Equipment,CAT-D6-DOZ,,12000000,9,7,12300000,5,12,2026-04-01,2027-12-31,INR,Active
11111111-0000-0000-0000-000000000003,Part,,PARTS,2500,15,10,2600,6,15,2026-04-01,2027-12-31,INR,Active
11111111-0000-0000-0000-000000000004,Part,CAT-9X3263,,1000,10,10,1050,3,10,2026-04-01,2027-12-31,INR,Active
11111111-0000-0000-0000-000000000005,Equipment,CAT-336-EXC,,11000000,8,6,11200000,4,10,2026-04-01,2027-12-31,INR,Active
11111111-0000-0000-0000-000000000006,Equipment,CAT-950-LDR,,9000000,9,7,9300000,4,10,2026-04-01,2027-12-31,INR,Active
11111111-0000-0000-0000-000000000007,Equipment,CAT-740-ADT,,22000000,8,5,22500000,3,8,2026-04-01,2027-12-31,INR,Active
11111111-0000-0000-0000-000000000008,Equipment,CAT-C15-ENG,,4500000,10,6,4700000,4,9,2026-04-01,2027-12-31,INR,Active
11111111-0000-0000-0000-000000000009,Equipment,CAT-C9-GEN,,3200000,10,6,3350000,4,9,2026-04-01,2027-12-31,INR,Active
11111111-0000-0000-0000-000000000010,Part,CAT-TRK-SHOE,,18000,15,8,19500,5,12,2026-04-01,2027-12-31,INR,Active
11111111-0000-0000-0000-000000000011,Part,CAT-TRK-ROLL,,9500,15,8,10300,5,12,2026-04-01,2027-12-31,INR,Active
11111111-0000-0000-0000-000000000012,Part,CAT-BKT-TEETH,,6200,16,10,6700,6,14,2026-04-01,2027-12-31,INR,Active
11111111-0000-0000-0000-000000000013,Part,CAT-HYD-PUMP,,145000,12,6,152000,4,10,2026-04-01,2027-12-31,INR,Active
11111111-0000-0000-0000-000000000014,Part,CAT-HYD-CYL,,72000,12,6,75500,4,10,2026-04-01,2027-12-31,INR,Active
11111111-0000-0000-0000-000000000015,Part,CAT-AIR-FLT,,1800,18,10,1980,6,14,2026-04-01,2027-12-31,INR,Active
11111111-0000-0000-0000-000000000016,Part,CAT-COOLANT,,4200,12,8,4400,5,12,2026-04-01,2027-12-31,INR,Active
11111111-0000-0000-0000-000000000017,Part,CAT-ENG-OIL,,6500,12,8,6800,5,12,2026-04-01,2027-12-31,INR,Active
11111111-0000-0000-0000-000000000018,Part,CAT-BRK-PAD,,3800,16,10,4100,6,14,2026-04-01,2027-12-31,INR,Active
11111111-0000-0000-0000-000000000019,Part,CAT-FAN-BLT,,950,18,10,1040,6,14,2026-04-01,2027-12-31,INR,Active
11111111-0000-0000-0000-000000000020,Equipment,CAT-320-EXC,,9000000,11,5,9500000,4,9,2028-01-01,2028-12-31,INR,Inactive